"Name:","run_127_2_1"
"EXPERIMENT TIME:","15/03/2024 20:35"
"ACTIVITY TYPE:","Running"
"COUNT OF ACTUAL STEPS:","130"

"Time [sec]","ACC X","ACC Y","ACC Z","GYRO X","GYRO Y","GYRO Z"
"0.0","-0.59","0.24","-9.85","-0.07","0.5","-0.28"
"0.05","-0.39","0.55","-11.41","-0.12","0.44","-0.26"
"0.1","-1.41","1.14","-12.98","-0.24","0.22","-0.21"
"0.15","2.86","3.45","-9.38","-0.59","-0.03","0.01"
"0.2","4.59","1.06","-12.91","-0.79","0.4","-0.22"
"0.25","3.3","1.14","-9.22","-0.44","-0.04","0.37"
"0.4","2.2","5.18","-15.22","-0.14","1.04","0.31"
"0.45","2.24","4.28","-11.81","-0.35","0.65","-0.05"
"0.5","2.63","7.41","-10.32","0.05","0.86","-0.19"
"0.55","-1.37","0.27","-11.65","-0.63","0.29","-0.57"
"0.6","2.12","2.67","-0.82","0.19","-1.02","-0.91"
"0.65","1.69","0.67","-5.53","0.18","-1.37","-1.1"
"0.7","6.24","0.98","-2.98","-0.19","-1.08","-1.12"
"0.75","6.08","-1.26","-16.32","0.76","-0.52","-1.33"
"0.8","3.69","3.88","-20.01","0.46","-0.13","0.62"
"0.85","-2.2","2.16","-20.01","0.84","-0.29","0.6"
"0.9","-2.28","1.65","-8.0","0.38","-0.44","0.71"
"0.95","-2.79","1.77","-6.08","0.36","-0.27","0.66"
"1.1","2.67","-0.47","-14.55","-0.15","-0.37","-0.3"
"1.15","7.88","8.43","-16.08","-1.18","0.33","0.83"
"1.2","0.08","4.31","-16.48","-0.53","-0.24","-0.17"
"1.25","-2.98","0.78","-18.44","0.67","1.32","0.05"
"1.3","2.59","4.94","-11.45","-0.46","1.15","0.52"
"1.35","0.39","1.02","-11.41","-0.55","1.39","0.38"
"1.4","1.57","3.77","-2.94","-0.53","-0.13","0.34"
"1.45","0.24","1.8","-1.88","0.3","-0.58","-0.37"
"1.5","3.02","2.94","-5.92","1.06","-1.29","-0.86"
"1.55","8.24","2.75","-6.59","0.49","-0.19","-1.03"
"1.6","2.31","-4.9","-20.01","2.31","-0.69","-2.76"
"1.65","1.14","-4.12","-14.55","0.12","-0.19","0.07"
"1.7","-3.18","-2.0","-17.85","0.13","0.08","1.02"
"1.75","-1.73","3.57","-4.04","-1.64","0.14","1.61"
"1.8","-1.84","1.77","-1.22","-0.05","-0.31","-0.12"
"1.85","1.65","0.98","4.82","-0.19","-0.06","-0.51"
"1.9","-0.16","-4.16","-13.65","1.03","0.08","-1.12"
"1.95","8.0","6.94","-8.16","-2.2","-0.1","-0.03"
"2.0","-5.06","-4.28","-20.01","0.75","-0.13","-1.65"
"2.05","-0.43","1.8","-15.97","-0.76","0.58","0.09"
"2.1","-0.51","2.39","-17.06","-1.09","1.49","1.18"
"2.15","1.49","4.51","-10.94","-0.95","0.86","0.28"
"2.2","0.47","1.06","-6.9","-0.21","-0.11","0.29"
"2.35","9.41","1.8","1.61","-0.36","-0.39","-0.49"
"2.4","6.2","2.43","-20.01","2.62","-0.12","-1.35"
"2.45","1.65","-0.31","-15.89","-0.21","-0.69","0.24"
"2.5","-3.77","0.04","-17.93","1.2","-0.44","0.37"
"2.55","-1.77","0.27","-6.39","-0.5","-0.18","1.12"
"2.6","0.16","4.47","-2.47","-0.46","0.05","0.59"
"2.65","-1.1","-1.41","3.41","0.33","-0.51","-0.64"
"2.7","4.35","1.41","-5.06","-0.3","0.4","-0.28"
"2.75","2.16","0.24","-16.4","-0.27","-0.48","-1.19"
"2.8","7.18","7.22","-20.01","-0.9","0.83","0.11"
"2.95","1.53","2.63","-9.38","-0.9","1.39","0.56"
"3.0","-0.86","-0.51","-12.0","-0.35","0.73","0.5"
"3.05","2.51","3.77","1.77","0.06","-0.59","0.08"
"3.1","-1.53","-0.35","-4.63","0.21","-0.41","0.35"
"3.15","5.06","4.31","-6.28","0.77","-1.54","-0.44"
"3.2","9.02","6.55","-20.01","2.85","0.73","-0.04"
"3.25","0.2","-6.9","-20.01","1.28","-0.73","-1.47"
"3.3","-2.39","-2.94","-15.18","0.3","-0.79","1.11"
"3.35","-3.73","1.33","-9.49","-0.92","-0.48","1.91"
"3.4","0.24","5.61","-3.14","-0.77","-0.15","0.78"
"3.45","0.31","0.94","3.96","-0.1","-0.7","-0.93"
"3.5","2.67","0.0","1.02","0.06","0.2","-0.45"
"3.55","1.61","-1.73","-16.91","0.05","-0.2","-1.23"
"3.6","9.22","11.49","-18.51","-2.23","-0.14","1.3"
"3.65","-4.98","-0.08","-20.01","0.44","-0.27","-1.92"
"3.7","-1.41","1.96","-14.63","-0.21","1.51","-0.18"
"3.75","2.12","4.63","-12.04","-1.13","1.93","0.84"
"3.8","-1.88","-0.24","-13.81","-0.61","1.3","-0.06"
"3.85","1.26","2.71","-0.43","-0.13","-0.31","-0.08"
"3.9","0.82","-0.31","-2.94","1.01","-0.34","-0.21"
"3.95","3.84","-0.9","-4.47","0.55","-0.63","-0.06"
"4.0","4.82","3.06","-4.59","-0.03","-1.08","0.26"
"4.05","8.04","13.69","-20.01","1.7","0.07","0.53"
"4.1","0.08","-6.83","-14.95","0.11","-1.09","-1.42"
"4.25","1.29","5.1","-1.84","-0.84","-0.42","0.89"
"4.3","-1.73","-0.59","2.71","0.27","-0.89","-0.89"
"4.35","2.59","0.82","1.1","-0.23","-0.14","0.13"
"4.4","-0.9","-2.9","-13.77","0.12","-0.47","-0.88"
"4.45","-0.51","2.2","-12.71","-1.19","-1.37","0.2"
"4.5","1.8","10.94","-20.01","0.09","0.48","-0.49"
"4.55","-5.26","-2.59","-15.14","0.06","0.71","-1.06"
"4.6","-0.47","2.12","-10.79","-0.64","1.3","1.09"
"4.65","3.53","5.88","-7.85","-0.8","1.54","1.23"
"4.7","-3.49","-3.06","-10.36","0.62","0.28","-0.66"
"4.75","2.59","3.33","-1.26","-0.14","-0.48","0.6"
"4.9","4.63","9.65","-20.01","1.44","0.67","0.01"
"4.95","-0.47","-2.9","-20.01","0.83","-0.76","-1.48"
"5.0","-3.61","-4.12","-14.2","0.93","-0.27","-0.33"
"8.428","8.39","8.55","-20.01","0.51","-0.59","-0.5"
"8.478","-1.14","-2.9","-15.1","0.17","-0.96","-1.03"
"8.528","-2.39","0.78","-15.02","0.7","-0.24","0.3"
"8.578","-2.9","1.29","-8.83","-2.27","0.25","1.82"
"8.628","0.55","5.81","-2.71","-0.97","0.38","0.82"
"8.678","-2.51","-1.33","2.51","0.83","-1.05","-0.99"
"8.728","1.02","-0.39","-0.51","0.22","-0.01","-0.44"
"8.778","1.26","2.39","-17.85","0.49","-0.37","-0.32"
"8.828","6.08","12.04","-16.28","-0.83","0.45","0.79"
"8.878","-2.47","3.73","-20.01","0.23","0.79","-1.44"
"8.928","-0.94","2.71","-13.18","-0.34","1.04","-0.67"
"8.978","0.27","2.55","-10.87","-0.07","1.46","0.27"
"9.028","1.41","3.8","-9.38","-0.62","1.42","0.49"
"9.078","0.04","2.0","-9.41","0.03","0.56","-0.06"
"9.128","-0.24","-0.24","-2.04","-0.05","-0.78","-0.35"
"9.178","1.06","-1.26","-4.71","0.37","-0.93","0.1"
"9.228","3.88","1.57","-7.14","-0.08","-1.19","0.22"
"9.428","-1.57","4.16","-13.73","-0.32","-0.34","1.86"
"9.478","-1.37","4.28","-4.55","-0.81","-0.51","1.46"
"9.528","0.12","3.77","-0.35","-0.27","-0.4","-0.11"
"9.578","0.35","-1.22","1.69","0.6","-0.5","-0.57"
"9.628","3.53","1.92","-7.14","-0.1","0.39","-0.44"
"9.678","-0.94","-1.37","-9.73","0.1","-0.86","-1.02"
"9.728","7.81","12.79","-20.01","0.2","1.1","-0.46"
"9.778","0.55","5.33","-18.36","-0.48","0.34","-1.0"
"9.828","-0.12","3.3","-8.75","-0.76","1.17","-0.6"
"9.878","3.06","7.57","-12.24","-0.33","0.88","0.34"
"9.928","0.82","1.22","-8.28","-0.07","0.41","-0.81"
"9.978","0.08","-2.28","-1.26","0.13","-0.7","-1.14"
"10.028","2.59","1.26","-2.94","-0.21","-0.77","-0.0"
"10.078","0.0","0.08","-8.0","0.34","-1.12","-0.82"
"10.128","6.28","8.87","-20.01","0.87","0.01","0.32"
"10.178","9.38","8.16","-20.01","0.21","-0.25","-0.73"
"10.228","-3.02","-4.12","-11.53","0.45","0.4","0.42"
"10.278","-3.53","3.84","-20.01","1.02","-0.1","1.82"
"10.328","-2.08","4.98","-8.24","-0.9","-1.28","1.48"
"10.378","-0.35","2.47","2.86","-0.28","-0.73","0.07"
"10.428","-0.86","-2.31","3.49","0.59","-0.52","-0.54"
"10.478","2.9","0.24","0.08","0.23","0.5","0.5"
"10.528","0.16","0.0","-17.85","0.0","0.59","-0.62"
"10.578","5.45","10.83","-20.01","-1.22","1.15","1.96"
"10.628","0.75","10.12","-18.87","-0.68","0.9","-0.53"
"10.678","-1.26","3.49","-15.85","0.63","1.23","-1.01"
"10.728","0.82","2.35","-10.4","0.09","1.34","0.01"
"10.778","0.86","2.39","-13.06","0.61","1.15","0.05"
"10.828","0.43","1.33","-4.12","-0.19","-0.05","-0.51"
"10.878","2.08","0.2","-1.8","0.5","-0.78","-0.44"
"10.928","2.75","0.16","-4.71","0.06","-0.67","-0.1"
"10.978","3.77","3.06","-11.49","-0.07","0.12","0.2"
"11.028","3.53","4.63","-20.01","-0.2","-0.48","-0.08"
"11.078","1.14","1.73","-20.01","0.08","-0.68","0.59"
"11.128","-2.75","1.45","-15.02","-0.13","-0.87","1.05"
"11.178","-2.63","3.18","-7.65","-0.75","-0.75","1.57"
"11.328","2.9","2.08","0.67","-1.59","-1.41","0.74"
"11.378","3.33","5.69","-9.61","0.31","0.35","-0.59"
"11.428","0.51","5.81","-17.77","-1.6","0.5","1.19"
"11.478","1.88","8.9","-19.14","0.39","1.09","-1.1"
"11.528","-2.04","2.43","-16.75","0.47","1.52","-1.33"
"11.578","2.75","4.86","-6.94","-0.54","1.97","-0.7"
"11.628","-1.33","-0.98","-11.49","0.68","1.74","-0.71"
"11.678","0.47","2.31","-6.59","-0.97","-0.15","0.29"
"11.728","-0.24","-0.31","-2.55","-0.02","-1.05","-0.01"
"11.878","7.61","13.53","-20.01","3.14","0.02","0.72"
"11.928","-1.57","-2.94","-12.75","-0.94","-0.3","-1.77"
"11.978","-2.82","4.51","-11.69","0.01","0.47","0.26"
"12.028","-2.31","5.61","-11.69","0.11","0.14","-0.06"
"12.078","0.71","5.77","-0.75","-0.8","0.49","-1.04"
"12.128","-4.2","-1.65","-2.39","1.0","-0.01","-2.44"
"12.178","3.69","5.81","-3.69","0.47","-0.48","-1.21"
"12.228","1.22","4.79","-14.36","0.79","-1.04","-2.55"
"12.278","8.63","14.0","-15.93","-0.83","0.8","-0.62"
"12.328","6.79","9.38","-14.24","-0.56","0.89","-2.64"
"12.378","-0.82","0.16","-19.73","0.84","1.67","-2.57"
"12.428","3.3","11.3","-11.81","-0.98","1.27","-1.22"
"12.578","-1.14","6.24","-10.9","0.69","1.11","-3.35"
"12.628","2.71","5.81","-0.86","0.08","1.16","-3.49"
"12.678","2.79","5.57","-6.75","0.92","1.07","-3.31"
"12.728","2.98","2.39","-2.16","0.44","0.38","-3.56"
"12.778","7.3","4.39","-4.31","0.93","1.23","-3.14"
"12.828","6.28","0.59","-19.3","1.41","1.12","-4.1"
"12.878","1.37","0.82","-19.81","0.12","0.93","-2.33"
"12.928","-0.9","4.98","-20.01","0.11","0.39","-1.58"
"12.978","-4.67","2.71","-16.44","0.05","-0.42","-1.57"
"13.028","-1.02","4.28","-9.61","-0.97","-0.22","-0.62"
"13.078","-1.1","0.31","-0.12","-0.93","-0.21","-1.58"
"13.228","0.12","3.14","-11.14","-0.05","-0.04","-1.26"
"13.278","3.3","7.92","-18.12","0.14","0.38","-0.87"
"13.328","2.67","6.08","-13.06","-0.12","1.77","-0.49"
"13.378","3.57","8.51","-17.53","0.53","1.8","-0.22"
"13.428","-0.63","1.92","-6.9","-0.22","1.85","-0.43"
"13.878","-6.2","-0.43","-16.63","-0.03","-1.07","0.67"
"13.928","-1.02","5.06","-3.06","-1.68","-1.48","1.6"
"15.379","1.69","1.73","-2.12","-0.6","-0.86","0.19"
"18.001","-0.55","1.8","-8.55","0.11","0.14","-0.34"
"18.551","1.92","1.77","-15.22","0.19","-0.12","-1.09"
"18.601","4.79","6.9","-9.18","-1.98","-0.26","0.2"
"18.651","-0.08","7.96","-20.01","1.14","1.11","-1.11"
"18.701","-1.57","4.04","-17.38","0.19","1.15","-0.45"
"18.901","-0.51","-0.78","-3.22","0.12","-0.09","-0.56"
"19.101","7.92","6.98","-20.01","-0.31","-0.3","0.12"
"19.151","-0.78","-0.35","-17.53","-0.31","-0.55","0.52"
"19.201","-2.9","4.16","-15.02","0.1","-0.82","1.88"
"19.251","-2.2","5.96","-7.1","-0.79","-0.93","1.74"
"19.301","0.55","6.0","1.57","-0.83","-0.76","0.11"
"19.351","-0.63","-1.37","3.88","0.11","-0.28","-1.55"
"19.401","0.86","-2.71","-1.37","-0.19","0.24","-0.84"
"19.451","2.59","2.08","-17.65","0.08","0.45","-0.79"
"19.501","7.65","13.65","-18.91","-1.52","0.84","1.25"
"19.551","1.53","8.87","-18.67","-0.48","1.05","-1.1"
"19.751","-0.31","1.45","-5.92","-0.26","-0.03","-0.32"
"19.801","0.86","1.14","-0.86","-0.49","-0.64","-0.08"
"19.951","11.14","19.5","-20.01","1.62","-0.6","1.6"
"20.001","-1.06","-1.8","-19.61","0.51","-0.48","-1.52"
"20.301","-0.63","-2.82","-8.98","0.45","0.53","-0.77"
"20.351","0.16","3.8","-15.61","-0.05","-0.51","-0.31"
"20.501","-0.59","0.86","-10.94","-0.33","1.29","0.24"
"20.551","2.94","5.18","-7.45","-0.02","1.44","0.79"
"20.601","-0.59","1.37","-8.36","0.37","1.15","-0.34"
"20.651","0.16","2.59","-5.26","-0.37","-0.06","0.02"
"20.701","0.08","0.27","-5.02","0.01","-0.82","-0.18"
"20.751","2.04","0.63","-8.43","0.54","-1.59","-0.39"
"20.801","5.61","8.04","-17.1","-0.57","-0.55","1.12"
"20.851","10.08","10.16","-19.73","-0.6","-0.94","0.88"
"20.901","-2.16","-2.31","-13.14","0.65","-0.3","-1.06"
"20.951","-2.9","-0.71","-16.36","0.47","0.08","1.08"
"21.001","-0.78","4.86","-8.55","-0.67","-0.35","1.85"
"21.051","-0.35","5.06","-0.47","-0.0","-0.17","0.1"
"21.101","-4.39","-1.18","1.45","0.01","-0.6","-0.5"
"21.151","2.67","1.53","-1.37","0.38","-0.33","-0.6"
"21.201","-1.1","-2.24","-17.53","0.12","0.02","-0.85"
"21.251","9.26","15.57","-17.57","-1.6","0.66","1.82"
"21.301","-4.04","4.12","-20.01","-0.08","1.04","-1.69"
"21.351","-0.75","6.83","-15.42","-0.09","1.53","-0.26"
"21.401","0.47","4.2","-9.73","0.11","1.68","-0.29"
"21.451","1.06","2.31","-7.88","-0.24","1.4","-0.27"
"21.601","4.31","1.14","-4.35","0.17","-1.27","-0.13"
"21.651","3.61","-3.06","-1.73","0.08","-1.52","0.28"
"21.701","12.12","17.22","-20.01","1.6","-0.49","2.21"
"21.751","-2.04","-0.16","-20.01","0.05","-0.41","-0.66"
"21.801","-1.29","4.12","-16.08","-0.61","-0.43","1.3"
"21.851","-2.31","4.98","-11.69","-0.48","-0.45","1.34"
"21.901","0.24","6.47","-1.53","-0.59","-0.23","0.68"
"21.951","-0.94","1.8","0.51","0.42","-0.68","-1.48"
"22.001","-2.0","-4.47","3.88","0.28","-0.48","-1.72"
"22.151","7.57","15.57","-10.87","-1.91","1.14","1.29"
"22.201","-4.98","-1.02","-20.01","1.74","1.32","-2.76"
"22.251","-0.98","3.88","-14.75","-0.84","1.56","1.36"
"22.301","1.29","8.87","-12.51","-0.24","1.31","0.95"
"22.351","-0.59","4.55","-12.24","-0.25","0.78","-0.18"
"22.401","1.61","1.77","-3.8","-0.72","-0.74","-0.65"
"22.451","1.73","-0.04","2.86","-0.02","-0.99","-0.78"
"22.501","0.78","-2.43","-3.26","0.83","-0.87","-0.04"
"22.551","5.14","1.92","-0.35","-0.23","-0.97","0.28"
"22.601","8.98","17.81","-20.01","2.3","0.09","1.23"
"22.651","-3.22","0.27","-20.01","-0.27","-0.6","-0.62"
"22.701","-2.82","4.98","-14.24","0.06","-0.19","0.8"
"22.751","-4.47","3.45","-15.57","0.34","-0.49","1.26"
"24.359","1.57","5.33","-13.45","0.44","0.04","0.73"
"26.399","0.47","-2.39","4.39","-0.34","-0.2","-0.6"
"26.449","0.86","0.39","-6.75","-0.21","0.66","0.17"
"26.499","-2.67","2.86","-16.63","-0.75","-0.43","-0.6"
"26.549","8.63","19.02","-20.01","-1.19","1.21","1.42"
"26.699","0.43","3.8","-8.32","-0.05","1.29","0.35"
"26.749","0.31","2.35","-7.06","0.14","0.48","-0.47"
"26.799","0.75","0.43","-2.04","-0.1","-0.02","-0.63"
"26.849","0.59","-0.94","-3.96","0.25","-0.6","-0.1"
"26.899","3.14","1.96","-6.94","0.32","-0.94","0.11"
"26.949","4.28","7.45","-17.34","-0.24","-0.01","1.49"
"26.999","8.39","9.1","-20.01","0.6","-0.2","0.39"
"27.049","-1.73","1.06","-16.48","0.27","-0.45","-0.36"
"27.099","-2.31","1.14","-15.81","1.1","-1.03","0.74"
"27.149","-1.65","1.88","-8.43","-1.18","-1.02","1.86"
"27.199","0.51","4.31","0.78","-0.8","-0.76","0.96"
"27.249","0.24","1.73","2.79","0.84","-0.6","-1.21"
"27.299","0.2","-0.75","-0.55","0.22","-0.35","-1.19"
"27.349","0.16","-0.2","-11.57","-0.02","-0.23","-0.96"
"27.399","-2.63","6.39","-17.38","-1.41","-0.04","0.46"
"27.449","1.77","10.04","-19.81","-0.13","0.69","-1.37"
"27.499","-4.98","2.51","-17.89","-0.24","1.24","-1.07"
"27.549","-1.69","4.86","-11.1","-0.91","1.56","0.58"
"27.599","1.02","5.65","-9.61","-0.27","1.46","-0.46"
"27.649","0.94","0.67","-5.57","-0.71","1.11","-0.7"
"27.699","-2.2","-1.26","-4.28","-0.41","-0.28","-0.25"
"27.749","1.84","1.45","-2.86","-0.34","-0.74","0.26"
"27.949","-1.22","3.57","-15.53","0.53","-0.75","0.8"
"27.999","-3.96","3.1","-11.06","0.84","-0.73","0.93"
"28.049","-1.96","2.71","-2.0","-0.03","-0.32","1.49"
"28.099","-1.29","3.53","-0.55","0.8","-1.13","0.38"
"28.149","-0.55","-0.27","2.79","0.9","-0.8","-0.48"
"28.199","3.49","2.43","-2.79","0.22","0.09","0.38"
"28.249","-6.04","-4.24","-15.81","0.12","0.12","-0.64"
"28.299","4.51","10.4","-20.01","-0.75","0.54","0.62"
"28.349","1.77","7.73","-13.42","-0.75","1.21","0.29"
"28.399","-1.53","5.06","-13.73","-0.12","1.8","0.44"
"28.449","1.49","6.12","-10.51","-0.04","1.31","0.06"
"28.499","0.71","2.75","-10.04","0.37","0.71","-0.66"
"28.649","0.82","-1.49","-6.28","0.67","-1.42","-0.84"
"28.849","-4.63","3.88","-16.91","0.08","-0.41","0.59"
"28.899","-2.94","3.37","-6.39","-0.98","-0.94","0.56"
"28.949","-1.84","1.22","-0.08","-0.5","-0.53","0.06"
"28.999","1.02","0.43","-1.26","0.62","-0.49","-0.68"
"29.049","2.28","0.16","-0.12","-0.41","-0.43","-0.93"
"29.199","-0.35","11.49","-20.01","-0.16","0.89","0.01"
"29.249","-4.59","3.06","-14.79","0.3","1.61","-0.75"
"29.299","-1.29","3.61","-11.89","-0.35","1.5","1.0"
"29.349","0.94","4.55","-6.51","-0.1","1.12","-0.11"
"29.399","-0.98","1.84","-8.98","-0.3","0.05","-0.03"
"29.449","0.71","-0.9","-1.53","-0.69","-1.02","0.16"
"29.499","4.12","3.06","-4.63","-0.66","-1.04","0.67"
"29.549","0.71","-2.24","-6.16","0.08","-0.85","-0.06"
"29.599","7.73","11.61","-20.01","0.91","-0.24","1.38"
"29.649","1.73","3.77","-18.87","0.17","-0.3","0.17"
"29.699","-4.79","3.1","-18.32","0.01","-0.29","1.69"
"29.899","1.06","-1.41","1.26","0.2","-0.6","-0.95"
"29.949","1.18","1.49","-17.93","0.15","0.19","-0.74"
"29.999","2.9","10.0","-11.06","-2.39","0.89","1.48"
"30.049","-5.06","5.37","-20.01","0.96","0.86","-1.53"
"30.099","-4.35","4.51","-15.22","-0.3","0.89","-0.85"
"30.149","-3.73","3.77","-11.14","-0.34","1.17","-0.22"
"30.199","1.73","7.3","-10.47","-0.35","0.87","0.0"
"30.249","0.86","2.63","-7.1","0.09","0.27","-0.88"
"30.299","-0.75","-2.08","-5.06","0.51","-0.78","-1.45"
"30.349","3.65","2.28","-2.16","-0.19","-1.18","-0.06"
"30.699","-1.49","3.61","-5.1","-0.47","0.65","-0.48"
"30.749","-0.75","2.71","-0.78","0.02","-0.21","-1.69"
"30.799","-0.98","4.0","-7.26","0.1","-0.06","-1.64"
"30.849","1.02","7.65","-9.02","-0.19","-0.77","-2.09"
"30.899","1.33","14.59","-12.75","-0.06","0.9","-1.46"
"30.949","4.51","11.77","-14.67","-0.94","0.99","-3.1"
"30.999","0.27","4.2","-16.48","0.33","1.89","-3.73"
"31.249","0.39","4.0","-4.71","-0.6","1.05","-1.74"
"31.299","-0.24","2.39","-2.82","-0.68","0.68","-1.52"
"31.349","4.51","3.61","-2.67","-0.67","0.6","-2.39"
"31.399","4.04","11.77","-16.08","-0.01","0.93","-0.13"
"31.449","3.26","2.79","-17.89","0.6","1.24","-4.04"
"32.8","-1.33","10.4","-11.73","-1.87","0.53","0.1"
"34.851","1.26","4.98","-20.01","-0.02","-0.63","-0.06"
"34.901","-1.61","4.08","-17.22","1.19","-0.58","0.06"
"34.951","-5.92","-0.2","-13.96","-0.69","-1.16","0.88"
"35.001","0.78","4.82","-2.35","-0.71","-1.09","1.67"
"35.051","0.75","0.43","5.45","-0.55","-0.78","-0.15"
"35.101","1.77","-1.49","1.14","0.6","-0.28","-0.16"
"35.151","1.41","-0.2","-13.42","-0.01","0.72","0.02"
"35.201","6.16","10.32","-11.57","-2.36","1.02","1.84"
"35.251","0.08","11.49","-20.01","0.55","1.01","-0.47"
"35.301","-2.0","3.65","-13.53","0.56","1.16","-1.31"
"35.351","3.65","8.36","-11.18","0.36","1.9","0.62"
"35.401","-1.06","1.06","-13.93","0.05","1.43","-0.72"
"35.451","2.35","2.31","-3.1","0.05","-0.1","-0.53"
"35.501","2.98","0.43","-3.26","0.18","-0.65","-0.74"
"35.551","0.75","-4.51","-6.24","-0.04","-1.05","-0.12"
"35.601","6.47","3.92","-6.32","-0.25","-0.56","0.1"
"35.851","1.77","6.59","3.3","-0.47","-0.76","-0.42"
"35.901","-1.57","-6.55","3.61","1.13","-0.44","-1.75"
"35.951","3.61","1.18","-8.32","0.26","0.45","-0.14"
"36.001","-2.98","-2.67","-17.65","0.02","-0.5","-1.28"
"36.051","11.14","20.01","-15.77","-1.74","1.12","1.54"
"36.101","-7.37","-1.14","-20.01","1.15","0.92","-1.61"
"36.151","-0.08","5.3","-10.04","-0.81","1.14","1.03"
"36.201","2.12","8.47","-11.53","-0.39","1.9","0.72"
"36.251","-1.69","0.04","-11.22","-0.38","0.68","-0.15"
"36.301","2.16","1.37","0.98","-0.09","-0.57","-0.73"
"36.351","1.14","-1.1","-3.96","0.51","-0.9","-0.32"
"36.401","5.49","2.28","-5.49","0.1","-1.42","0.05"
"36.451","8.59","14.55","-20.01","0.71","1.55","-0.0"
"36.501","-1.61","-1.88","-20.01","0.54","-0.16","-1.61"
"36.551","-2.67","1.37","-15.57","0.28","-0.3","0.81"
"36.601","-5.73","1.37","-18.91","0.64","-0.86","1.71"
"36.651","-0.63","4.86","-2.75","-0.99","-0.97","2.18"
"36.701","0.31","3.77","1.69","0.09","-0.67","0.33"
"36.751","-0.59","-3.73","3.41","0.32","-0.54","-0.4"
"36.901","2.71","8.16","-19.14","-0.06","1.43","-0.52"
"36.951","-2.67","0.86","-15.14","0.19","1.48","0.07"
"37.001","3.65","9.22","-11.85","-0.19","2.0","0.86"
"37.051","-1.8","3.53","-13.85","0.19","1.56","-0.47"
"37.101","1.8","4.86","-7.1","-0.37","-0.37","-0.11"
"37.151","2.67","0.55","0.71","0.07","-1.28","-0.92"
"37.201","3.96","-3.1","-4.79","0.21","-0.69","-0.27"
"37.251","6.67","2.63","-4.98","-1.07","-1.26","1.13"
"37.301","10.63","16.95","-20.01","0.26","0.08","1.33"
"37.351","1.22","-3.88","-20.01","-0.07","-0.43","-1.07"
"37.501","-1.33","6.04","-0.55","-0.52","-1.04","0.27"
"37.551","-1.18","1.69","2.47","0.35","-0.67","-1.0"
"37.601","-0.86","-3.77","-0.82","0.56","-0.16","-1.58"
"37.651","5.22","1.57","-10.59","0.37","0.24","-0.73"
"37.701","-3.22","1.02","-14.24","-0.83","0.17","0.39"
"37.751","11.22","15.42","-15.61","0.25","1.11","-0.63"
"37.801","-4.2","-1.8","-19.26","0.38","1.9","-0.05"
"37.851","2.51","5.41","-11.26","-0.23","1.79","1.29"
"37.901","2.55","7.53","-10.9","0.06","1.34","0.09"
"37.951","-1.33","0.27","-9.1","-0.2","-0.48","-0.46"
"38.001","0.98","0.71","-0.27","-0.56","-1.3","-0.24"
"38.201","1.92","3.06","-19.85","-0.65","-0.08","-0.61"
"38.251","-5.49","1.8","-18.44","-0.1","-0.07","1.07"
"38.301","-1.22","9.81","-8.12","-1.46","-0.99","1.44"
"38.351","-0.94","5.84","0.35","-0.51","-0.97","0.08"
"38.401","-0.39","-1.88","1.84","0.19","-0.46","-1.21"
"38.451","2.9","-2.55","-4.55","0.66","0.29","-0.67"
"38.501","-0.35","-0.12","-17.97","0.52","0.51","-1.26"
"38.551","11.57","14.4","-12.59","-1.37","1.33","1.52"
"38.601","-6.83","-0.98","-20.01","1.24","1.26","-1.71"
"38.651","0.86","6.67","-12.36","-0.61","0.64","1.26"
"38.701","2.94","10.04","-13.02","0.29","1.36","0.37"
"38.751","-0.16","1.1","-12.71","0.2","0.83","-0.11"
"38.801","3.37","3.65","-5.61","-0.43","-0.42","-0.64"
"38.951","4.31","0.94","-4.16","0.17","0.17","0.2"
"39.001","6.63","10.43","-20.01","0.84","-0.08","-0.36"
"39.051","-0.82","2.0","-16.79","-0.12","-0.17","-0.49"
"39.101","-5.53","2.35","-20.01","0.22","-0.54","0.95"
"39.151","-1.92","6.63","-5.22","-1.68","-1.11","1.48"
"39.201","0.59","4.98","-0.39","-0.59","-0.87","0.11"
"39.251","-0.67","-5.06","3.96","-0.16","-0.43","-1.57"
"39.301","4.75","-0.2","-3.92","0.65","0.51","-0.54"
"39.351","1.45","3.14","-12.67","-1.33","0.26","0.01"
"39.401","0.71","11.92","-20.01","0.28","1.73","0.4"
"39.451","1.14","9.89","-11.26","-0.65","0.95","-0.48"
"39.501","0.04","5.33","-11.53","-0.07","1.64","-0.47"
"39.551","3.22","5.96","-10.75","0.45","1.48","-0.01"
"39.601","0.27","0.39","-9.81","0.32","0.77","-0.98"
"39.651","-0.16","0.43","-2.94","-0.13","-0.56","-0.24"
"39.701","2.24","0.59","-0.35","0.13","-0.85","-0.17"
"39.751","2.71","0.12","-6.71","0.28","-1.09","0.09"
"39.801","4.35","6.04","-13.34","1.2","0.56","1.16"
"39.851","5.06","7.61","-20.01","-0.64","0.15","-0.3"
"39.901","-2.43","2.98","-17.02","-0.32","-0.23","0.5"
"39.951","-3.22","7.14","-17.3","0.16","-0.94","0.98"
"40.001","-0.9","5.77","-4.16","-0.68","-1.21","0.71"
"40.801","-5.92","-1.33","-12.79","-0.52","-1.1","1.73"
"43.311","-2.9","3.96","-11.81","-1.21","-1.5","2.47"
"43.361","1.02","6.94","2.47","-1.52","-1.01","1.21"
"43.411","0.63","-1.61","4.63","0.33","-0.62","-1.33"
"43.461","1.84","-2.08","-1.41","0.15","-0.14","-0.38"
"43.511","2.12","0.67","-19.93","0.5","0.37","-1.09"
"43.561","8.16","12.67","-20.01","-1.95","1.96","2.19"
"43.611","-1.69","7.85","-17.1","-0.44","0.64","-1.16"
"43.661","-3.22","4.08","-11.73","0.33","0.88","-0.33"
"43.711","3.26","7.26","-9.61","0.23","1.07","0.27"
"43.761","-0.51","-1.53","-9.92","0.51","0.93","-1.23"
"43.811","3.02","0.39","0.59","0.05","-0.57","-0.4"
"43.861","1.96","0.47","-5.02","0.28","-0.45","0.17"
"43.911","2.31","0.04","-5.81","-0.02","-0.79","-0.19"
"43.961","3.37","6.98","-19.57","1.33","0.08","1.03"
"44.011","1.73","3.96","-20.01","-0.34","-0.29","-0.42"
"44.061","-2.35","1.45","-18.71","0.02","0.01","0.43"
"44.111","-5.33","2.47","-14.67","-0.89","-0.88","1.08"
"44.161","0.16","7.22","-2.86","-1.22","-0.75","1.17"
"44.211","2.67","1.29","6.24","-0.47","-0.95","-0.76"
"44.261","-3.14","-7.37","1.57","0.96","-0.18","-1.2"
"44.311","3.06","3.02","-11.77","-0.62","0.13","-0.16"
"44.361","2.2","8.79","-7.88","-0.8","-1.15","0.2"
"44.411","-6.94","1.73","-20.01","1.79","1.17","-2.15"
"44.461","-1.96","5.3","-12.59","-0.58","0.95","0.35"
"44.511","1.26","7.1","-11.53","0.05","1.89","0.53"
"44.561","0.71","3.1","-11.26","0.05","1.92","0.06"
"44.611","1.22","3.84","-10.47","-0.2","0.39","-0.43"
"44.661","-0.35","-0.75","-2.08","-0.26","-0.72","-0.98"
"44.711","4.55","-0.51","-1.1","-0.53","-0.98","-0.45"
"44.761","5.77","-1.06","-1.06","-0.12","-1.19","0.03"
"44.811","12.47","15.26","-20.01","1.88","0.32","1.79"
"44.861","3.22","0.63","-17.57","-0.76","-0.77","-0.83"
"44.911","-3.1","1.77","-17.1","-0.3","-0.26","0.98"
"44.961","-0.24","8.16","-17.42","-0.7","-1.19","2.1"
"45.011","0.98","8.12","0.27","-0.4","-0.44","0.04"
"45.061","-4.2","-0.59","-1.45","0.75","-0.8","-1.42"
"45.211","4.63","0.63","-9.89","0.22","-1.58","-1.89"
"45.261","16.2","20.01","-19.85","-0.65","0.93","2.27"
"45.311","2.75","2.35","-15.1","0.71","1.17","-4.04"
"45.361","-6.71","-0.75","-13.57","-0.36","1.62","-0.89"
"45.411","-0.24","10.16","-13.3","0.2","1.32","-0.9"
"45.461","-2.2","4.35","-13.06","0.57","0.82","-1.85"
"45.511","-0.82","4.35","-7.85","-0.16","0.22","-1.64"
"45.561","3.06","5.26","-2.16","-0.11","0.16","-2.26"
"45.611","1.88","1.06","-6.75","0.43","-0.04","-2.65"
"45.661","2.86","5.1","-2.98","-0.27","-0.71","-2.52"
"45.711","3.45","7.02","-6.24","1.16","1.33","-2.2"
"45.861","0.9","12.83","-15.38","-0.78","-0.1","-0.66"
"45.911","-0.12","4.39","-10.83","-0.19","-0.18","-2.23"
"45.961","-0.47","2.2","0.63","-0.55","0.16","-2.25"
"46.011","2.2","3.02","-1.22","0.22","0.88","-2.29"
"46.061","2.63","0.51","-1.92","-0.46","1.27","-2.51"
"46.111","-3.02","-0.82","-8.55","-0.87","0.95","-2.04"
"46.161","-1.84","7.02","-10.98","-0.35","-0.43","-1.78"
"46.211","8.12","18.32","-20.01","-0.66","1.23","-2.36"
"46.261","-0.47","-0.43","-12.0","-0.05","1.02","-3.77"
"46.311","2.67","4.31","-15.3","0.46","2.86","-1.77"
"46.461","-2.9","-1.14","-6.0","-0.24","0.03","-1.29"
"46.511","5.49","6.59","-1.88","-0.4","-0.16","-0.73"
"46.561","4.9","-1.96","-4.04","0.44","-0.25","-1.94"
"46.611","14.91","13.1","-10.83","-0.19","0.44","0.75"
"46.661","3.53","3.77","-20.01","0.17","0.2","-1.14"
"46.711","-1.57","6.94","-17.81","0.2","0.03","0.02"
"46.761","-3.37","4.98","-11.53","-0.37","-1.36","0.13"
"46.811","0.55","5.37","3.53","-0.61","-0.79","-0.04"
"46.861","0.55","-0.43","2.51","0.03","-0.29","-1.29"
"47.111","-0.86","3.88","-18.08","1.09","2.02","-1.08"
"47.161","-0.24","5.26","-11.45","-0.16","1.37","0.42"
"47.211","2.55","7.81","-8.08","-0.06","0.96","-0.42"
"47.261","-1.06","-0.08","-7.45","0.18","-0.02","-1.16"
"47.311","2.75","1.65","-2.55","-0.19","-0.88","-0.6"
"47.361","4.59","0.82","-2.35","-0.28","-0.85","-1.23"
"47.411","5.3","8.08","-19.69","1.64","0.29","0.47"
"47.461","0.43","3.53","-20.01","-0.36","-0.39","-1.05"
"47.511","-0.2","4.9","-19.46","-0.66","-0.47","0.8"
"47.561","-2.04","4.79","-14.71","-1.17","-1.36","1.62"
"47.611","-1.1","5.41","-2.0","-0.96","-1.09","1.08"
"47.661","0.71","5.45","0.98","-0.26","-0.7","-0.06"
"47.711","0.24","-2.67","3.65","-0.09","0.06","-1.58"
"47.761","0.12","-0.39","-8.2","0.78","0.73","-0.73"
"47.811","-2.24","3.84","-11.96","0.13","0.25","-1.73"
"47.861","11.73","19.89","-19.69","-0.19","1.77","0.43"
"47.911","-6.63","0.98","-20.01","0.86","1.61","-2.6"
"47.961","2.16","6.32","-7.22","-0.73","1.27","0.66"
"48.011","1.45","6.39","-10.28","0.1","1.8","0.45"
"48.061","-0.43","5.14","-15.06","0.16","0.69","-0.08"
"48.111","2.86","1.33","-0.67","-0.88","-0.86","-1.69"
"48.161","1.77","-0.71","1.14","-0.26","-0.7","-0.92"
"48.211","5.1","-2.28","-1.96","-0.12","-0.95","-1.19"
"48.261","10.24","17.1","-20.01","2.03","-0.03","1.63"
"48.311","-1.45","5.73","-20.01","-0.48","-0.46","-0.76"
"48.361","-2.39","7.85","-13.3","0.48","-0.34","0.18"
"48.811","0.71","6.51","-12.4","-0.27","2.26","1.0"
"48.861","-0.47","6.79","-11.34","-0.36","1.77","0.45"
"49.794","-0.24","-0.31","-3.33","-0.55","-0.69","-0.76"
"49.844","3.14","1.96","-2.04","-0.21","-1.33","-0.27"
"51.814","-1.49","-2.47","3.06","0.45","-0.65","-1.55"
"51.864","1.61","-3.73","-2.75","0.38","-0.26","-0.5"
"51.914","-0.47","3.41","-19.89","-0.11","0.05","-0.69"
"51.964","9.53","14.98","-13.3","-1.3","1.07","1.33"
"52.014","-4.71","2.67","-20.01","1.17","0.89","-1.96"
"52.064","-0.04","6.98","-15.26","-0.36","1.09","0.49"
"52.114","1.22","5.37","-6.83","-0.53","1.79","0.02"
"52.264","2.24","1.69","-3.37","-0.53","-0.67","0.35"
"52.314","3.37","1.65","-3.84","-0.45","-1.24","0.06"
"52.364","4.12","4.08","-11.3","0.11","-0.47","0.37"
"52.414","7.61","9.77","-20.01","0.54","-0.62","1.26"
"52.464","-1.49","3.69","-17.53","-0.22","-0.62","0.83"
"52.514","-2.55","7.53","-14.59","-0.54","-0.76","2.07"
"52.564","-0.27","8.75","-4.28","-0.96","-1.11","1.56"
"52.614","0.04","5.77","1.8","-0.42","-0.88","-0.52"
"52.664","-0.67","-2.63","2.98","0.63","-0.78","-2.15"
"52.714","2.43","-0.04","-3.84","0.34","0.2","-1.09"
"52.764","-4.63","-0.08","-15.89","0.0","-0.23","-2.12"
"52.814","10.9","15.89","-19.06","0.73","1.04","-0.7"
"52.864","-3.69","4.82","-18.01","-0.19","1.24","-1.08"
"52.914","-0.82","6.94","-9.18","-1.17","1.53","0.45"
"52.964","-0.47","7.69","-10.32","-0.38","1.84","0.85"
"53.014","0.51","6.83","-13.06","0.04","0.92","0.24"
"53.064","2.47","-0.9","-0.51","-0.7","-0.65","-1.26"
"53.114","4.67","1.57","-3.57","0.03","-0.77","-0.21"
"53.164","-0.71","-5.53","-6.04","0.17","-1.04","-0.76"
"53.214","8.67","18.75","-20.01","0.96","-0.34","2.22"
"53.264","2.59","8.71","-20.01","-0.32","-0.26","-0.66"
"53.314","-5.06","3.18","-16.87","0.04","-0.65","1.0"
"53.364","-1.88","7.06","-6.9","-0.98","-1.27","1.9"
"53.414","-0.24","5.49","0.24","-0.65","-0.66","0.73"
"53.564","0.55","3.33","-14.47","0.48","0.63","-0.66"
"53.614","-9.3","1.45","-13.1","0.32","-0.09","-2.33"
"53.664","9.49","20.01","-16.91","-0.16","1.19","2.21"
"53.714","-3.14","4.39","-17.06","0.41","2.19","-2.65"
"53.764","-2.08","2.75","-12.94","-0.99","1.87","0.47"
"53.814","3.06","8.51","-6.75","-0.53","1.73","0.41"
"53.864","-1.8","2.63","-9.61","-0.2","0.58","-0.23"
"53.914","0.43","2.28","-2.47","-0.49","-0.74","-0.31"
"53.964","2.04","2.31","-1.57","-0.23","-0.73","-0.7"
"54.014","4.39","0.82","-5.77","0.05","-1.03","-1.13"
"54.164","-7.41","-2.28","-19.77","1.68","-0.46","0.6"
"54.214","-2.59","4.9","-9.89","-0.51","-1.42","2.59"
"54.264","0.71","4.98","2.0","-0.95","-1.16","1.45"
"54.314","-0.71","1.92","0.94","-0.1","-0.74","-0.34"
"54.364","2.39","0.78","2.2","-0.59","-0.07","-0.36"
"54.414","0.78","-0.43","-18.63","0.28","0.93","-1.7"
"54.464","4.28","13.65","-11.77","-2.71","0.85","1.53"
"54.514","1.41","13.61","-16.16","0.16","1.47","-1.29"
"54.564","-3.69","3.02","-16.83","0.42","1.97","-1.53"
"54.614","0.04","4.28","-8.24","-0.43","1.69","-0.01"
"54.664","0.55","5.53","-9.57","0.05","1.76","0.15"
"54.814","3.69","3.88","-2.31","-0.09","-1.06","0.41"
"54.864","3.06","1.73","-5.65","-0.3","-0.77","-0.57"
"54.914","8.2","17.46","-20.01","1.48","-0.7","2.05"
"54.964","2.35","6.71","-18.63","-0.54","-0.67","-1.03"
"55.014","-3.73","2.51","-14.59","0.49","-0.86","0.22"
"55.064","-2.12","6.12","-13.22","0.1","-1.38","1.12"
"55.114","-0.08","4.08","0.86","-0.99","-1.52","0.7"
"55.164","-1.45","1.18","-0.55","0.91","-0.89","-0.6"
"55.214","-1.33","-0.16","-0.31","-0.01","-0.97","0.36"
"55.264","-0.31","2.71","-11.89","-0.2","-0.62","-0.47"
"55.314","-2.2","4.71","-16.32","-1.13","-0.05","0.38"
"55.364","7.1","19.81","-20.01","0.7","-0.2","0.54"
"55.414","0.9","2.55","-5.88","-0.14","0.93","-0.95"
"55.464","-2.2","-1.8","-13.18","1.07","0.61","0.08"
"55.514","0.51","2.04","-4.82","-0.8","-0.17","2.2"
"55.564","1.29","3.02","-9.3","-0.56","-0.77","1.7"
"55.614","2.79","1.26","-1.96","-0.55","-1.8","1.64"
"55.664","4.67","3.69","-4.24","0.19","-2.02","1.64"
"55.714","3.45","1.02","-6.08","-0.69","-1.85","1.1"
"55.764","-0.39","-1.84","-20.01","2.6","-0.78","1.89"
"55.814","12.98","13.22","-16.75","-2.63","-2.37","4.42"
"55.864","-4.16","4.08","-19.61","1.4","-0.89","3.03"
"55.914","1.96","7.81","-12.71","0.1","-1.89","3.58"
"55.964","2.75","0.67","-2.59","0.54","-0.65","2.34"
"56.014","-1.96","-2.63","-11.38","0.58","-1.09","3.34"
"56.064","3.88","3.3","3.57","-1.31","-2.1","4.1"
"56.114","0.71","1.88","-2.31","0.59","-1.7","3.25"
"56.164","2.04","2.59","-8.0","0.46","-1.59","3.63"
"56.214","5.61","17.69","-20.01","-1.12","-0.84","5.0"
"56.264","-1.96","11.45","-11.92","-0.43","-0.15","2.06"
"56.314","-6.75","4.63","-18.59","0.64","-0.11","2.26"
"56.364","3.8","12.79","-7.49","-1.41","-0.03","2.5"
"56.414","-0.51","4.08","-9.53","-0.35","0.75","-0.12"
"56.464","-0.67","2.43","-9.81","-0.52","-0.02","0.47"
"56.514","0.55","1.41","-3.22","-0.42","-0.98","-0.42"
"56.564","5.26","5.18","-3.14","-0.35","-1.51","0.27"
"56.614","3.92","1.02","-7.02","0.99","-0.82","-0.97"
"56.664","7.3","6.79","-20.01","2.49","-0.48","0.14"
"56.714","-3.73","3.53","-20.01","0.07","-0.96","1.09"
"56.764","-2.86","5.92","-16.63","0.73","-1.9","1.83"
"56.814","-1.96","3.53","-6.47","-0.43","-1.78","1.71"
"58.273","1.65","5.61","-10.98","1.16","-0.21","0.1"
"60.319","5.1","11.69","-12.51","-1.42","0.28","1.15"
"60.369","1.73","6.79","-20.01","0.33","1.44","-1.17"
"60.419","-3.57","2.55","-14.87","-0.37","1.25","-0.65"
"60.569","0.9","-0.67","-7.49","0.08","0.19","-1.48"
"60.619","0.24","-2.08","-1.14","-0.38","-0.47","-0.81"
"60.669","2.79","1.41","-3.3","-0.58","-0.47","-0.91"
"60.719","1.69","1.02","-8.43","0.37","-0.44","-0.47"
"60.769","12.51","13.42","-20.01","0.18","-0.23","-0.33"
"60.819","-4.98","-5.77","-17.81","-0.28","-0.19","0.45"
"60.869","-2.08","7.1","-12.28","-0.96","-1.34","2.53"
"60.919","0.82","9.1","-4.55","-0.84","-1.99","1.36"
"60.969","-0.98","0.82","5.33","-0.56","-1.32","-0.92"
"61.019","1.18","-2.39","2.31","0.68","-1.29","-1.1"
"61.069","-2.0","1.65","-14.47","0.77","-0.15","-1.0"
"61.219","-2.71","3.61","-9.65","-0.55","1.21","-1.77"
"61.269","-2.51","0.08","-11.81","0.52","1.2","-1.34"
"61.319","-0.47","2.59","-6.67","-0.06","0.98","-0.15"
"61.369","-1.02","1.57","-6.35","0.14","0.65","-0.42"
"61.419","-2.82","-1.61","-5.1","0.22","-0.05","-0.17"
"61.469","2.04","4.39","-6.24","0.12","-0.57","0.86"
"61.519","-0.47","5.14","-7.57","-0.52","-0.79","0.18"
"61.569","3.77","13.85","-20.01","1.0","0.08","1.02"
"61.619","-3.1","1.06","-20.01","0.07","-0.35","-1.35"
"61.669","0.35","4.47","-7.85","-0.53","-0.41","-0.2"
"61.719","-1.49","4.98","-10.59","-0.15","0.06","-0.08"
"61.769","-2.9","4.51","-12.24","-0.47","-0.06","-0.07"
"61.819","-2.0","4.2","-6.12","-0.52","-0.39","-0.66"
"61.869","-2.43","2.2","-5.53","-0.09","-0.16","-1.13"
"61.919","-1.77","2.39","-5.3","-0.18","-0.05","-0.95"
